SET FOREIGN_KEY_CHECKS = 0;
CREATE DATABASE IF NOT EXISTS organmatch_db;
USE organmatch_db;


DROP TABLE IF EXISTS `users`;
INSERT INTO `users` (`id`, `username`, `email`, `password_hash`, `role`, `created_at`) VALUES
(2, 'amd', 'amd123@gmail.com', 'scrypt:32768:8:1$jXfdiB9IuJOgS5Gq$5825f1164b8af9e0692d8cb4d342b41b72d84a5ce7f338b63eb04328084a0c52c0517062382ce01ee67a471f74cc49388eab7c42bea4d443614f6d3d3b931f58', 'hospital_admin', '2026-03-25 06:10:15.856937'),
(3, 'admin', 'admin@organmatch.com', 'scrypt:32768:8:1$Zz2zAx9JJiZnLvM0$3ac8ca98fdd3fa6d62ca559f4bc47bcfdabde757cc51fd76fa5ab2827092fca554ad5ca90bbd29d74cb4b57972f33109a418fb49ff462dbc008b64a2c9479a3c', 'super_admin', '2026-03-25 06:11:42.383499'),
(4, 'dhruv', 'dhruv@gmail.com', 'scrypt:32768:8:1$LKFyXFcd5K7U2Gq9$8f8b84d4dd12df6a8d1443a8c67bbee7b7f8e262dc39398734bdb55e2ce0cd18268123911cb7b8e12d6abfef43708c847bed566bb86daf6b31991f53ae6c0759', 'donor', '2026-03-25 07:25:53.961206'),
(5, 'aamir', 'aamir@gmail.com', 'scrypt:32768:8:1$d8A7VIMEcRhT7jBk$89863193ed72670fcd15d0b49516163b66364f7b095467b604be09e83fde09a6f09507f8965e8f4418195bbd30773bac6defef1c4da788a79cb33471a63b2c88', 'recipient', '2026-03-25 07:27:32.822618'),
(6, 'janta', 'jantahospital@gmail.com', 'scrypt:32768:8:1$gcLM98fxOykGtars$8b5cf7423c0e624e166117f02d571700a5480bdfca1bb0e2693ddf0ecd763962eb3f71e9d2a020dffa46a024bd29af9277142fbf1c41b8c2119e0acc860dae4a', 'hospital_admin', '2026-03-25 07:31:26.170429'),
(11, 'khushi@gmail.com', 'khushi@gmail.com', 'scrypt:32768:8:1$o1dXWp6kqyaVmaSy$d95cc255524b9290eedd685a08172d15824338053e56ba908bcf4dc66b5e139f732bfe743dacdfcab087e3c3bb6e39bed5e611e8e3b8a7ff32defe7ef19b719b', 'donor', '2026-03-25 10:13:42.398937'),
(12, 'diya patel', 'diya@gmail.com', 'scrypt:32768:8:1$ryVihD6Z3eCpToCK$f51b19110ab5c1d390123f3ec3a325596b09c0dcfa307b964287faf931cebdb93b5b7821b7a388187800e82c56797e414c2eced3d71b93f280487833d7730c10', 'recipient', '2026-03-25 10:16:05.261704'),
(13, 'hepi ', 'hepi@gmail.com', 'scrypt:32768:8:1$o7LrBuXlIQl9ePwW$f93725cd6b35136b5f48cc793052583798b035c53af1ec5b6884de5c4528783aa96d0d2ac967972003566bc67e346055fa938b24f127ee9105d421f245d856e8', 'donor', '2026-03-25 10:33:28.896307'),
(14, 'jiya', 'jiya@gmail.com', 'scrypt:32768:8:1$r7h8zlmMNMT2qOCX$594dbe13d12e459901595fa7f45b114074e386ce601cfb721f9adde3b76a4a8a173a94d07e694f2dae0515e909d046b8d9d74b9178da994e39085bb490230757', 'recipient', '2026-03-25 10:33:52.490385'),
(15, 'krina', 'krina@gmail.com', 'scrypt:32768:8:1$i9ejqMWllCin2P00$327ba6cd87aab4e99922f43bfd8028219e3da5f463ac4cf587f51574afeda0828bfab7a0adf7af7b944e349ab9a6b8f8df633334af255274a6dbf1b4a6d768cd', 'donor', '2026-03-25 11:07:53.347129');


DROP TABLE IF EXISTS `hospitals`;
INSERT INTO `hospitals` (`id`, `user_id`, `name`, `location`, `certification_status`, `created_at`, `is_paid`) VALUES
(1, 2, 'amd hospital', 'ahmedabad', 'Certified', '2026-03-25 06:20:22.581213', 1),
(2, 6, 'janta hospital', 'patan', 'Certified', '2026-03-25 07:31:52.000270', 1);


DROP TABLE IF EXISTS `donors`;
INSERT INTO `donors` (`id`, `user_id`, `full_name`, `blood_type`, `age`, `organ_to_donate`, `medical_history`, `location`, `hospital_id`, `verification_status`, `created_at`, `is_paid`) VALUES
(1, 4, 'dhruv', 'O+', 23, 'Kidney', '', 'ahmedabad', 1, 'Verified', '2026-03-25 07:26:18.418934', 1),
(3, 11, 'khushi verma', 'O+', 23, 'Heart', '', 'patan', 2, 'Verified', '2026-03-25 10:15:02.478117', 1),
(4, 13, 'hepi patel', 'O+', 22, 'Heart', '', 'Patan', 2, 'Verified', '2026-03-25 10:34:39.318365', 1),
(5, 15, 'krina', 'O+', 23, 'Heart', '', 'ahmedabad', 2, 'Verified', '2026-03-25 11:09:09.586038', 1);


DROP TABLE IF EXISTS `recipients`;
INSERT INTO `recipients` (`id`, `user_id`, `full_name`, `blood_type`, `age`, `organ_needed`, `urgency`, `medical_history`, `location`, `hospital_id`, `verification_status`, `registration_date`, `is_paid`) VALUES
(1, 5, 'aamir', 'O+', 23, 'Kidney', 10, '', 'ahmedabad', 1, 'Verified', '2026-03-25 07:28:11.933563', 1),
(3, 12, 'diya patel', 'O+', 23, 'Heart', 10, '', 'patan', 2, 'Verified', '2026-03-25 10:17:00.268238', 1),
(4, 14, 'jiya patel', 'O+', 22, 'Heart', 10, '', 'Patan', 2, 'Verified', '2026-03-25 10:35:49.108936', 1);


DROP TABLE IF EXISTS `match_requests`;
INSERT INTO `match_requests` (`id`, `donor_id`, `recipient_id`, `match_score`, `risk_level`, `status`, `created_at`, `is_transport_paid`) VALUES
(1, 1, 1, 90.0, 'Medium', 'Completed', '2026-03-25 06:27:01.157647', 0),
(2, 2, 2, 90.0, 'Medium', 'Completed', '2026-03-25 07:45:45.842311', 0),
(3, 3, 2, 90.0, 'Medium', 'Hospital Approved', '2026-03-25 10:18:25.233450', 0),
(4, 3, 3, 90.0, 'Medium', 'Rejected', '2026-03-25 10:18:25.242620', 0),
(5, 4, 3, 90.0, 'Medium', 'Hospital Approved', '2026-03-25 10:37:04.500580', 0),
(6, 4, 4, 90.0, 'Medium', 'Completed', '2026-03-25 10:37:04.505888', 1),
(7, 3, 4, 90.0, 'Medium', 'Hospital Approved', '2026-03-25 12:00:10.235169', 0),
(8, 5, 3, 83.0, 'Medium', 'Hospital Approved', '2026-03-25 12:00:35.607737', 0),
(9, 5, 4, 83.0, 'Medium', 'Hospital Approved', '2026-03-25 12:00:35.616985', 0);


DROP TABLE IF EXISTS `approvals`;
INSERT INTO `approvals` (`id`, `match_id`, `hospital_id`, `hospital_decision`, `hospital_reason`, `created_at`) VALUES
(1, 1, 1, 'Approved', '', '2026-03-25 06:27:01.164786'),
(2, 2, 2, 'Approved', 'health is good some criteria are matched ', '2026-03-25 07:45:45.852532'),
(3, 3, 2, 'Approved', '', '2026-03-25 10:18:25.239915'),
(4, 4, 2, 'Rejected', '', '2026-03-25 10:18:25.243616'),
(5, 5, 2, 'Approved', '', '2026-03-25 10:37:04.503858'),
(6, 6, 2, 'Approved', '', '2026-03-25 10:37:04.506911'),
(7, 7, 2, 'Approved', '', '2026-03-25 12:00:10.239186'),
(8, 8, 2, 'Approved', '', '2026-03-25 12:00:35.614768'),
(9, 9, 2, 'Approved', '', '2026-03-25 12:00:35.618019');


DROP TABLE IF EXISTS `transplant_records`;


DROP TABLE IF EXISTS `reports`;
INSERT INTO `reports` (`id`, `user_id`, `report_type`, `file_path`, `content`, `status`, `created_at`) VALUES
(1, 1, 'Medical', 'reports/1774419874_kidney_health.pdf', NULL, 'Verified', '2026-03-25 06:24:34.824006'),
(2, 4, 'Medical', 'reports/1774419953_kidney_health.pdf', NULL, 'Verified', '2026-03-25 06:25:53.312779'),
(3, 5, 'Medical', 'reports/1774423024_kidney_health.pdf', NULL, 'Verified', '2026-03-25 07:17:04.710615'),
(4, 6, 'Medical', 'reports/1774423089_kidney_health.pdf', NULL, 'Verified', '2026-03-25 07:18:09.800999'),
(5, 4, 'Medical', 'reports/1774423576_kidney_health.pdf', NULL, 'Verified', '2026-03-25 07:26:16.762757'),
(6, 5, 'Medical', 'reports/1774423690_kidney_health.pdf', NULL, 'Verified', '2026-03-25 07:28:10.329038'),
(7, 7, 'Medical', 'reports/1774424568_heart_project.pdf', NULL, 'Verified', '2026-03-25 07:42:48.628249'),
(8, 8, 'Medical', 'reports/1774424696_heart_project.pdf', NULL, 'Verified', '2026-03-25 07:44:56.879655'),
(9, 11, 'Medical', 'reports/1774433700_heart_project.pdf', NULL, 'Verified', '2026-03-25 10:15:00.813398'),
(10, 12, 'Medical', 'reports/1774433815_heart_project.pdf', NULL, 'Verified', '2026-03-25 10:16:55.950010'),
(11, 13, 'Medical', 'reports/1774434877_heart_project.pdf', NULL, 'Verified', '2026-03-25 10:34:37.226535'),
(12, 14, 'Medical', 'reports/1774434947_heart_project.pdf', NULL, 'Verified', '2026-03-25 10:35:47.400789'),
(13, 15, 'Medical', 'reports/1774436947_heart_project.pdf', NULL, 'Verified', '2026-03-25 11:09:07.564005');


DROP TABLE IF EXISTS `audit_logs`;
INSERT INTO `audit_logs` (`id`, `user_id`, `action`, `details`, `created_at`) VALUES
(1, NULL, 'USER_REGISTERED', 'New donor registered: dhruv', '2026-03-25 06:06:50.217003'),
(2, NULL, 'USER_LOGIN', 'User dhruv logged in', '2026-03-25 06:07:00.345063'),
(3, NULL, 'USER_LOGIN', 'User dhruv logged in', '2026-03-25 06:08:26.183330'),
(4, NULL, 'USER_LOGIN', 'User dhruv logged in', '2026-03-25 06:08:55.326381'),
(5, 2, 'USER_REGISTERED', 'New hospital_admin registered: amd', '2026-03-25 06:10:15.868219'),
(6, NULL, 'USER_LOGIN', 'User dhruv logged in', '2026-03-25 06:10:53.363755'),
(7, 3, 'USER_LOGIN', 'User admin logged in', '2026-03-25 06:17:13.869047'),
(8, 3, 'USER_DELETED', 'User 4 deleted by admin 3', '2026-03-25 06:17:38.987683'),
(9, 3, 'USER_LOGIN', 'User admin logged in', '2026-03-25 06:18:21.604586'),
(10, 3, 'USER_LOGIN', 'User admin logged in', '2026-03-25 06:19:28.838616'),
(11, 2, 'USER_LOGIN', 'User amd logged in', '2026-03-25 06:20:08.473278'),
(12, 2, 'HOSPITAL_REGISTERED', 'Hospital ''amd hospital'' registered', '2026-03-25 06:20:22.596694'),
(13, 3, 'USER_LOGIN', 'User admin logged in', '2026-03-25 06:20:45.550187'),
(14, 3, 'HOSPITAL_APPROVAL', 'Hospital 1 set to Certified', '2026-03-25 06:20:54.585395'),
(15, NULL, 'USER_LOGIN', 'User dhruv logged in', '2026-03-25 06:21:29.104645'),
(16, NULL, 'REPORT_UPLOADED', 'Medical report (Kidney) uploaded by donor 1', '2026-03-25 06:24:34.835729'),
(17, NULL, 'DONOR_REGISTERED', 'Donor profile created for dhruv', '2026-03-25 06:24:36.376582'),
(18, NULL, 'USER_REGISTERED', 'New recipient registered: aamir', '2026-03-25 06:25:03.106292'),
(19, NULL, 'USER_LOGIN', 'User aamir logged in', '2026-03-25 06:25:25.629255'),
(20, NULL, 'REPORT_UPLOADED', 'Medical report (Kidney) uploaded by recipient 4', '2026-03-25 06:25:53.329019'),
(21, NULL, 'RECIPIENT_REGISTERED', 'Recipient profile created for aamir', '2026-03-25 06:25:54.981692'),
(22, 2, 'USER_LOGIN', 'User amd logged in', '2026-03-25 06:26:17.472265'),
(23, 2, 'REPORT_VERIFIED', 'Report 1 marked as Verified', '2026-03-25 06:26:32.240084'),
(24, 2, 'REPORT_VERIFIED', 'Report 2 marked as Verified', '2026-03-25 06:26:35.884402'),
(25, 2, 'DONOR_VERIFIED_HOSPITAL', 'Donor 1 set to Verified by hospital admin 2', '2026-03-25 06:26:48.728967'),
(26, 2, 'RECIPIENT_VERIFIED_HOSPITAL', 'Recipient 1 set to Verified by hospital admin 2', '2026-03-25 06:26:53.468492'),
(27, 2, 'MATCHES_GENERATED', 'Generated 1 matches for donor 1', '2026-03-25 06:27:01.178625'),
(28, 2, 'HOSPITAL_MATCH_DECISION', 'Match 1 Approved by hospital 1', '2026-03-25 06:27:10.686536'),
(29, 2, 'MATCH_STATUS_UPDATED', 'Match 1 set to In Progress', '2026-03-25 06:27:14.557913'),
(30, 2, 'MATCH_STATUS_UPDATED', 'Match 1 set to Completed', '2026-03-25 06:27:18.250171'),
(31, NULL, 'USER_LOGIN', 'User dhruv logged in', '2026-03-25 06:28:02.194085'),
(32, 3, 'USER_LOGIN', 'User admin logged in', '2026-03-25 06:37:00.438564'),
(33, NULL, 'USER_LOGIN', 'User dhruv logged in', '2026-03-25 07:15:40.668429'),
(34, NULL, 'USER_REGISTERED', 'New donor registered: fenil', '2026-03-25 07:16:21.534217'),
(35, NULL, 'USER_LOGIN', 'User fenil logged in', '2026-03-25 07:16:35.452583'),
(36, NULL, 'REPORT_UPLOADED', 'Medical report (Kidney) uploaded by donor 5', '2026-03-25 07:17:04.717544'),
(37, NULL, 'DONOR_REGISTERED', 'Donor profile created for fenil', '2026-03-25 07:17:07.080082'),
(38, NULL, 'USER_REGISTERED', 'New recipient registered: shubham', '2026-03-25 07:17:32.091004'),
(39, NULL, 'USER_LOGIN', 'User shubham logged in', '2026-03-25 07:17:47.034531'),
(40, NULL, 'REPORT_UPLOADED', 'Medical report (Kidney) uploaded by recipient 6', '2026-03-25 07:18:09.817236'),
(41, NULL, 'RECIPIENT_REGISTERED', 'Recipient profile created for shubham', '2026-03-25 07:18:11.394294'),
(42, 2, 'USER_LOGIN', 'User amd logged in', '2026-03-25 07:18:32.522762'),
(43, 2, 'REPORT_VERIFIED', 'Report 3 marked as Verified', '2026-03-25 07:18:46.441485'),
(44, 2, 'REPORT_VERIFIED', 'Report 4 marked as Verified', '2026-03-25 07:18:50.402220'),
(45, 2, 'RECIPIENT_VERIFIED_HOSPITAL', 'Recipient 2 set to Verified by hospital admin 2', '2026-03-25 07:18:55.270214'),
(46, 2, 'DONOR_VERIFIED_HOSPITAL', 'Donor 2 set to Verified by hospital admin 2', '2026-03-25 07:19:00.025248'),
(47, 3, 'USER_LOGIN', 'User admin logged in', '2026-03-25 07:19:48.679509'),
(48, 2, 'USER_LOGIN', 'User amd logged in', '2026-03-25 07:21:05.154218'),
(49, 3, 'USER_LOGIN', 'User admin logged in', '2026-03-25 07:25:00.093670'),
(50, 3, 'USER_DELETED', 'User 6 deleted by admin 3', '2026-03-25 07:25:08.362547'),
(51, 3, 'USER_DELETED', 'User 5 deleted by admin 3', '2026-03-25 07:25:12.974797'),
(52, 3, 'USER_DELETED', 'User 4 deleted by admin 3', '2026-03-25 07:25:17.703213'),
(53, 3, 'USER_DELETED', 'User 1 deleted by admin 3', '2026-03-25 07:25:22.130140'),
(54, 4, 'USER_REGISTERED', 'New donor registered: dhruv', '2026-03-25 07:25:53.971241'),
(55, 4, 'USER_LOGIN', 'User dhruv logged in', '2026-03-25 07:25:58.071691'),
(56, 4, 'REPORT_UPLOADED', 'Medical report (Kidney) uploaded by donor 4', '2026-03-25 07:26:16.777080'),
(57, 4, 'DONOR_REGISTERED', 'Donor profile created for dhruv', '2026-03-25 07:26:18.424719'),
(58, 4, 'USER_LOGIN', 'User dhruv logged in', '2026-03-25 07:26:32.756196'),
(59, 3, 'USER_LOGIN', 'User admin logged in', '2026-03-25 07:27:01.106319'),
(60, 5, 'USER_REGISTERED', 'New recipient registered: aamir', '2026-03-25 07:27:32.832148'),
(61, 5, 'USER_LOGIN', 'User aamir logged in', '2026-03-25 07:27:46.304463'),
(62, 5, 'REPORT_UPLOADED', 'Medical report (Kidney) uploaded by recipient 5', '2026-03-25 07:28:10.343585'),
(63, 5, 'RECIPIENT_REGISTERED', 'Recipient profile created for aamir', '2026-03-25 07:28:11.950913'),
(64, 2, 'USER_LOGIN', 'User amd logged in', '2026-03-25 07:28:36.290549'),
(65, 2, 'REPORT_VERIFIED', 'Report 5 marked as Verified', '2026-03-25 07:28:52.825065'),
(66, 2, 'REPORT_VERIFIED', 'Report 6 marked as Verified', '2026-03-25 07:28:56.706898'),
(67, 2, 'DONOR_VERIFIED_HOSPITAL', 'Donor 1 set to Verified by hospital admin 2', '2026-03-25 07:29:06.226387'),
(68, 2, 'RECIPIENT_VERIFIED_HOSPITAL', 'Recipient 1 set to Verified by hospital admin 2', '2026-03-25 07:29:11.551000'),
(69, 6, 'USER_REGISTERED', 'New hospital_admin registered: janta', '2026-03-25 07:31:26.180854'),
(70, 6, 'USER_LOGIN', 'User janta logged in', '2026-03-25 07:31:41.909306'),
(71, 6, 'HOSPITAL_REGISTERED', 'Hospital ''janta hospital'' registered', '2026-03-25 07:31:52.009499'),
(72, 3, 'USER_LOGIN', 'User admin logged in', '2026-03-25 07:32:21.842953'),
(73, 3, 'HOSPITAL_APPROVAL', 'Hospital 2 set to Certified', '2026-03-25 07:32:32.413597'),
(74, 2, 'USER_LOGIN', 'User amd logged in', '2026-03-25 07:35:57.189437'),
(75, 3, 'USER_LOGIN', 'User admin logged in', '2026-03-25 07:36:53.816697'),
(76, NULL, 'USER_REGISTERED', 'New donor registered: shubham', '2026-03-25 07:37:37.739368'),
(77, NULL, 'USER_LOGIN', 'User shubham logged in', '2026-03-25 07:40:16.230404'),
(78, NULL, 'REPORT_UPLOADED', 'Medical report (Heart) uploaded by donor 7', '2026-03-25 07:42:48.634566'),
(79, NULL, 'DONOR_REGISTERED', 'Donor profile created for shubham', '2026-03-25 07:42:51.228508'),
(80, NULL, 'USER_REGISTERED', 'New recipient registered: fenil', '2026-03-25 07:43:17.372239'),
(81, 3, 'USER_LOGIN', 'User admin logged in', '2026-03-25 07:44:04.811972'),
(82, NULL, 'USER_LOGIN', 'User fenil logged in', '2026-03-25 07:44:30.715448'),
(83, NULL, 'REPORT_UPLOADED', 'Medical report (Heart) uploaded by recipient 8', '2026-03-25 07:44:56.890817'),
(84, NULL, 'RECIPIENT_REGISTERED', 'Recipient profile created for fenil', '2026-03-25 07:44:58.854686'),
(85, 6, 'USER_LOGIN', 'User janta logged in', '2026-03-25 07:45:18.718325'),
(86, 6, 'REPORT_VERIFIED', 'Report 7 marked as Verified', '2026-03-25 07:45:24.519263'),
(87, 6, 'REPORT_VERIFIED', 'Report 8 marked as Verified', '2026-03-25 07:45:27.754283'),
(88, 6, 'RECIPIENT_VERIFIED_HOSPITAL', 'Recipient 2 verified', '2026-03-25 07:45:35.927724'),
(89, 6, 'DONOR_VERIFIED_HOSPITAL', 'Donor 2 verified', '2026-03-25 07:45:40.590829'),
(90, 6, 'MATCHES_GENERATED', 'Generated 1 matches for donor 2', '2026-03-25 07:45:45.863774'),
(91, 6, 'HOSPITAL_MATCH_DECISION', 'Match 2 Approved by hospital 2', '2026-03-25 07:46:19.675706'),
(92, 3, 'USER_LOGIN', 'User admin logged in', '2026-03-25 07:47:02.929506'),
(93, 3, 'USER_LOGIN', 'User admin logged in', '2026-03-25 07:49:52.523373'),
(94, 3, 'USER_LOGIN', 'User admin logged in', '2026-03-25 07:51:45.160287'),
(95, 3, 'USER_LOGIN', 'User admin logged in', '2026-03-25 07:53:03.266723'),
(96, 3, 'USER_LOGIN', 'User admin logged in', '2026-03-25 07:56:47.049832'),
(97, NULL, 'USER_REGISTERED', 'New hospital_admin registered: Test Hospital', '2026-03-25 07:58:39.135782'),
(98, NULL, 'USER_LOGIN', 'User Test Hospital logged in', '2026-03-25 07:59:21.198731'),
(99, NULL, 'HOSPITAL_REGISTERED', 'Hospital ''Test Hospital'' registered', '2026-03-25 07:59:39.479195'),
(100, 3, 'USER_LOGIN', 'User admin logged in', '2026-03-25 08:00:26.921549'),
(101, 3, 'HOSPITAL_APPROVAL', 'Hospital 3 set to Certified', '2026-03-25 08:00:54.859396'),
(102, NULL, 'USER_LOGIN', 'User Test Hospital logged in', '2026-03-25 08:01:33.456945'),
(103, 3, 'USER_LOGIN', 'User admin logged in', '2026-03-25 08:02:22.117067'),
(104, 3, 'USER_LOGIN', 'User admin logged in', '2026-03-25 09:13:33.137272'),
(105, 3, 'USER_LOGIN', 'User admin logged in', '2026-03-25 09:15:39.430767'),
(106, 3, 'USER_LOGIN', 'User admin logged in', '2026-03-25 09:17:05.355527'),
(107, NULL, 'USER_LOGIN', 'User Test Hospital logged in', '2026-03-25 09:18:54.100705'),
(108, 3, 'USER_LOGIN', 'User admin logged in', '2026-03-25 09:22:37.143619'),
(109, NULL, 'USER_LOGIN', 'User Test Hospital logged in', '2026-03-25 09:23:54.068971'),
(110, NULL, 'USER_REGISTERED', 'New donor registered: D1', '2026-03-25 09:24:46.385483'),
(111, 3, 'USER_LOGIN', 'User admin logged in', '2026-03-25 09:37:45.536959'),
(112, 4, 'USER_LOGIN', 'User dhruv logged in', '2026-03-25 09:39:02.989733'),
(113, 6, 'USER_LOGIN', 'User janta logged in', '2026-03-25 09:40:28.397169'),
(114, 2, 'USER_LOGIN', 'User amd logged in', '2026-03-25 09:42:15.107638'),
(115, 3, 'USER_LOGIN', 'User admin logged in', '2026-03-25 09:47:13.341709'),
(116, 6, 'USER_LOGIN', 'User janta logged in', '2026-03-25 09:47:48.030035'),
(117, 3, 'USER_LOGIN', 'User admin logged in', '2026-03-25 10:03:37.154374'),
(118, 6, 'USER_LOGIN', 'User janta logged in', '2026-03-25 10:05:06.962023'),
(119, 4, 'USER_LOGIN', 'User dhruv logged in', '2026-03-25 10:05:38.668606'),
(120, 6, 'USER_LOGIN', 'User janta logged in', '2026-03-25 10:07:53.373811'),
(121, 2, 'USER_LOGIN', 'User amd logged in', '2026-03-25 10:08:17.548147'),
(122, 5, 'USER_LOGIN', 'User aamir logged in', '2026-03-25 10:12:23.106707'),
(123, 11, 'USER_REGISTERED', 'New donor registered: khushi@gmail.com', '2026-03-25 10:13:42.415563'),
(124, 11, 'USER_LOGIN', 'User khushi@gmail.com logged in', '2026-03-25 10:14:21.029890'),
(125, 11, 'REPORT_UPLOADED', 'Medical report (Heart) uploaded by donor 11', '2026-03-25 10:15:00.828249'),
(126, 11, 'DONOR_REGISTERED', 'Donor profile created for khushi verma', '2026-03-25 10:15:02.492417'),
(127, 12, 'USER_REGISTERED', 'New recipient registered: diya patel', '2026-03-25 10:16:05.272875'),
(128, 12, 'USER_LOGIN', 'User diya patel logged in', '2026-03-25 10:16:18.526338'),
(129, 12, 'REPORT_UPLOADED', 'Medical report (Heart) uploaded by recipient 12', '2026-03-25 10:16:55.961877'),
(130, 12, 'RECIPIENT_REGISTERED', 'Recipient profile created for diya patel', '2026-03-25 10:17:00.281156'),
(131, 6, 'USER_LOGIN', 'User janta logged in', '2026-03-25 10:17:45.207046'),
(132, 6, 'REPORT_VERIFIED', 'Report 9 marked as Verified', '2026-03-25 10:17:54.997053'),
(133, 6, 'REPORT_VERIFIED', 'Report 10 marked as Verified', '2026-03-25 10:17:58.966761'),
(134, 6, 'RECIPIENT_VERIFIED_HOSPITAL', 'Recipient 3 verified', '2026-03-25 10:18:03.621840'),
(135, 6, 'DONOR_VERIFIED_HOSPITAL', 'Donor 3 verified', '2026-03-25 10:18:08.674492'),
(136, 6, 'MATCHES_GENERATED', 'Generated 2 matches for donor 3', '2026-03-25 10:18:25.253995'),
(137, 6, 'HOSPITAL_MATCH_DECISION', 'Match 3 Approved by hospital 2', '2026-03-25 10:18:45.068409'),
(138, 12, 'USER_LOGIN', 'User diya patel logged in', '2026-03-25 10:21:46.134122'),
(139, 6, 'USER_LOGIN', 'User janta logged in', '2026-03-25 10:22:12.258856'),
(140, 6, 'MATCHES_GENERATED', 'Generated 0 matches for donor 3', '2026-03-25 10:22:17.298013'),
(141, 6, 'HOSPITAL_MATCH_DECISION', 'Match 4 Rejected by hospital 2', '2026-03-25 10:22:26.967082'),
(142, 6, 'USER_LOGIN', 'User janta logged in', '2026-03-25 10:25:28.171902'),
(143, 12, 'USER_LOGIN', 'User diya patel logged in', '2026-03-25 10:26:31.596784'),
(144, 11, 'USER_LOGIN', 'User khushi@gmail.com logged in', '2026-03-25 10:27:37.261983'),
(145, 6, 'USER_LOGIN', 'User janta logged in', '2026-03-25 10:28:35.019841'),
(146, 3, 'USER_LOGIN', 'User admin logged in', '2026-03-25 10:31:06.417982'),
(147, 3, 'USER_DELETED', 'User 10 deleted by admin 3', '2026-03-25 10:31:42.872956'),
(148, 3, 'USER_DELETED', 'User 9 deleted by admin 3', '2026-03-25 10:31:48.703892'),
(149, 3, 'USER_DELETED', 'User 8 deleted by admin 3', '2026-03-25 10:31:58.406731'),
(150, 3, 'USER_DELETED', 'User 7 deleted by admin 3', '2026-03-25 10:32:02.526021'),
(151, 13, 'USER_REGISTERED', 'New donor registered: hepi ', '2026-03-25 10:33:28.907952'),
(152, 14, 'USER_REGISTERED', 'New recipient registered: jiya', '2026-03-25 10:33:52.501274'),
(153, 13, 'USER_LOGIN', 'User hepi  logged in', '2026-03-25 10:34:09.893903'),
(154, 13, 'REPORT_UPLOADED', 'Medical report (Heart) uploaded by donor 13', '2026-03-25 10:34:37.239764'),
(155, 13, 'DONOR_REGISTERED', 'Donor profile created for hepi patel', '2026-03-25 10:34:39.329604'),
(156, 14, 'USER_LOGIN', 'User jiya logged in', '2026-03-25 10:35:21.946649'),
(157, 14, 'REPORT_UPLOADED', 'Medical report (Heart) uploaded by recipient 14', '2026-03-25 10:35:47.415859'),
(158, 14, 'RECIPIENT_REGISTERED', 'Recipient profile created for jiya patel', '2026-03-25 10:35:49.121095'),
(159, 6, 'USER_LOGIN', 'User janta logged in', '2026-03-25 10:36:31.085037'),
(160, 6, 'REPORT_VERIFIED', 'Report 11 marked as Verified', '2026-03-25 10:36:47.326723'),
(161, 6, 'REPORT_VERIFIED', 'Report 12 marked as Verified', '2026-03-25 10:36:50.154526'),
(162, 6, 'RECIPIENT_VERIFIED_HOSPITAL', 'Recipient 4 verified', '2026-03-25 10:36:54.424857'),
(163, 6, 'DONOR_VERIFIED_HOSPITAL', 'Donor 4 verified', '2026-03-25 10:36:59.013622'),
(164, 6, 'MATCHES_GENERATED', 'Generated 2 matches for donor 4', '2026-03-25 10:37:04.515120'),
(165, 6, 'HOSPITAL_MATCH_DECISION', 'Match 5 Approved by hospital 2', '2026-03-25 10:37:14.913713'),
(166, 6, 'HOSPITAL_MATCH_DECISION', 'Match 6 Approved by hospital 2', '2026-03-25 10:37:21.421907'),
(167, 13, 'USER_LOGIN', 'User hepi  logged in', '2026-03-25 10:38:01.513930'),
(168, 14, 'USER_LOGIN', 'User jiya logged in', '2026-03-25 10:38:36.845043'),
(169, 6, 'USER_LOGIN', 'User janta logged in', '2026-03-25 10:41:59.062942'),
(170, 6, 'USER_LOGIN', 'User janta logged in', '2026-03-25 10:42:45.751394'),
(171, 13, 'USER_LOGIN', 'User hepi  logged in', '2026-03-25 10:45:05.729171'),
(172, 14, 'USER_LOGIN', 'User jiya logged in', '2026-03-25 10:46:45.858785'),
(173, 6, 'USER_LOGIN', 'User janta logged in', '2026-03-25 11:05:22.808702'),
(174, 6, 'USER_LOGIN', 'User janta logged in', '2026-03-25 11:05:43.561974'),
(175, 15, 'USER_REGISTERED', 'New donor registered: krina', '2026-03-25 11:07:53.358155'),
(176, 15, 'USER_LOGIN', 'User krina logged in', '2026-03-25 11:08:13.344466'),
(177, 15, 'REPORT_UPLOADED', 'Medical report (Heart) uploaded by donor 15', '2026-03-25 11:09:07.573545'),
(178, 15, 'DONOR_REGISTERED', 'Donor profile created for krina', '2026-03-25 11:09:09.601056'),
(179, 3, 'USER_LOGIN', 'User admin logged in', '2026-03-25 11:46:46.895780'),
(180, 3, 'USER_LOGIN', 'User admin logged in', '2026-03-25 11:59:23.770059'),
(181, 6, 'USER_LOGIN', 'User janta logged in', '2026-03-25 12:00:01.591053'),
(182, 6, 'MATCHES_GENERATED', 'Generated 1 matches for donor 3', '2026-03-25 12:00:10.247568'),
(183, 6, 'REPORT_VERIFIED', 'Report 13 marked as Verified', '2026-03-25 12:00:19.076580'),
(184, 6, 'DONOR_VERIFIED_HOSPITAL', 'Donor 5 verified', '2026-03-25 12:00:26.301038'),
(185, 6, 'MATCHES_GENERATED', 'Generated 2 matches for donor 5', '2026-03-25 12:00:35.626061'),
(186, 6, 'HOSPITAL_MATCH_DECISION', 'Match 7 Approved by hospital 2', '2026-03-25 12:00:44.637248'),
(187, 6, 'HOSPITAL_MATCH_DECISION', 'Match 8 Approved by hospital 2', '2026-03-25 12:00:50.020199'),
(188, 6, 'HOSPITAL_MATCH_DECISION', 'Match 9 Approved by hospital 2', '2026-03-25 12:00:54.751638');


DROP TABLE IF EXISTS `payments`;
INSERT INTO `payments` (`id`, `user_id`, `hospital_id`, `amount`, `transaction_id`, `purpose`, `status`, `created_at`) VALUES
(1, 6, 2, 5000.0, 'TXN-LJ4WU8ODKE', 'Hospital Registration Fee', 'Successful', '2026-03-25 09:41:41.667681'),
(2, 2, 1, 5000.0, 'TXN-6SACOMX3A3', 'Hospital Registration Fee', 'Successful', '2026-03-25 09:42:44.381673'),
(3, 4, NULL, 500.0, 'TXN-B1FVPJ1TU8', 'Clinical Report Verification Fee', 'Successful', '2026-03-25 10:07:18.488801'),
(4, 5, NULL, 500.0, 'TXN-P42E4BV8KC', 'Clinical Report Verification Fee', 'Successful', '2026-03-25 10:12:48.126664'),
(5, 11, NULL, 500.0, 'TXN-86L0T0VTPJ', 'Clinical Report Verification Fee', 'Successful', '2026-03-25 10:15:42.366830'),
(6, 12, NULL, 500.0, 'TXN-SJ48NV6CBN', 'Clinical Report Verification Fee', 'Successful', '2026-03-25 10:17:20.682102'),
(7, 13, NULL, 500.0, 'TXN-9O4Z5WN5N3', 'Clinical Report Verification Fee', 'Successful', '2026-03-25 10:35:03.920159'),
(8, 14, NULL, 500.0, 'TXN-TNDICWV13Q', 'Clinical Report Verification Fee', 'Successful', '2026-03-25 10:36:09.436015'),
(9, 14, NULL, 15000.0, 'TXN-J63KZXZ2MC', 'Organ Transport & Preservation Fee', 'Successful', '2026-03-25 10:41:44.399497'),
(10, 15, NULL, 500.0, 'TXN-8JW9P6W2W5', 'Clinical Report Verification Fee', 'Successful', '2026-03-25 11:13:27.202699');


SET FOREIGN_KEY_CHECKS = 1;